SampleID,Group,Dataset
SCD_GSE101657_Control_SCD_0_Flux,SCD,GSE101657
SCD_GSE101657_Control_SCD_1_Flux,SCD,GSE101657
SCD_GSE101657_Control_SCD_2_Flux,SCD,GSE101657
SCD_GSE101657_Control_SCD_3_Flux,SCD,GSE101657
SCD_GSE101657_Control_SCD_4_Flux,SCD,GSE101657
SCD_GSE159090_GSM4819135_SCD_Male_Flux,SCD,GSE159090
SCD_GSE159090_GSM4819136_SCD_Male_Flux,SCD,GSE159090
SCD_GSE159090_GSM4819149_SCD_Male_Flux,SCD,GSE159090
SCD_GSE159090_GSM4819150_SCD_Male_Flux,SCD,GSE159090
SCD_GSE159090_GSM4819161_SCD_Male_Flux,SCD,GSE159090
SCD_GSE159090_GSM4819166_SCD_Male_Flux,SCD,GSE159090
SCD_GSE159090_GSM4819171_SCD_Male_Flux,SCD,GSE159090
SCD_GSE159090_GSM4819179_SCD_Male_Flux,SCD,GSE159090
SCD_GSE159090_GSM4819186_SCD_Male_Flux,SCD,GSE159090
SCD_GSE159090_GSM4819194_SCD_Male_Flux,SCD,GSE159090
SCD_GSE159090_GSM4819199_SCD_Male_Flux,SCD,GSE159090
SCD_GSE159090_GSM4819200_SCD_Male_Flux,SCD,GSE159090
SCD_GSE160646_GSM4876390_SCD_1w_Flux,SCD,GSE160646
SCD_GSE160646_GSM4876394_SCD_1w_Flux,SCD,GSE160646
SCD_GSE160646_GSM4876401_SCD_1w_Flux,SCD,GSE160646
SCD_GSE160646_GSM4876404_SCD_1w_Flux,SCD,GSE160646
SCD_GSE160646_GSM4876405_SCD_1w_Flux,SCD,GSE160646
SCD_GSE160646_GSM4876407_SCD_1w_Flux,SCD,GSE160646
SCD_GSE160646_GSM4876408_SCD_1w_Flux,SCD,GSE160646
SCD_GSE188344_NCD_1_Flux,SCD,GSE188344
SCD_GSE188344_NCD_2_Flux,SCD,GSE188344
SCD_GSE188344_NCD_3_Flux,SCD,GSE188344
SCD_GSE188344_NCD_4_Flux,SCD,GSE188344
SCD_GSE246221_Batch9_SCD_only32w_1_Flux,SCD,GSE246221
SCD_GSE246221_Batch9_SCD_only32w_2_Flux,SCD,GSE246221
SCD_GSE246221_Batch9_SCD_only32w_3_Flux,SCD,GSE246221
SCD_GSE246221_Batch9_SCD_only32w_4_Flux,SCD,GSE246221
SCD_GSE248297_LFD_1_Flux,SCD,GSE248297
SCD_GSE248297_LFD_2_Flux,SCD,GSE248297
SCD_GSE248297_LFD_3_Flux,SCD,GSE248297
SCD_GSE248297_LFD_4_Flux,SCD,GSE248297
SCD_GSE248297_LFD_5_Flux,SCD,GSE248297
HFD_GSE101657_HFD_0_Flux,HFD,GSE101657
HFD_GSE101657_HFD_1_Flux,HFD,GSE101657
HFD_GSE101657_HFD_2_Flux,HFD,GSE101657
HFD_GSE101657_HFD_3_Flux,HFD,GSE101657
HFD_GSE101657_HFD_4_Flux,HFD,GSE101657
HFD_GSE101657_HFD_5_Flux,HFD,GSE101657
HFD_GSE159090_GSM4819134_HFD_Male_Flux,HFD,GSE159090
HFD_GSE159090_GSM4819140_HFD_Male_Flux,HFD,GSE159090
HFD_GSE159090_GSM4819143_HFD_Male_Flux,HFD,GSE159090
HFD_GSE159090_GSM4819146_HFD_Male_Flux,HFD,GSE159090
HFD_GSE159090_GSM4819157_HFD_Male_Flux,HFD,GSE159090
HFD_GSE159090_GSM4819163_HFD_Male_Flux,HFD,GSE159090
HFD_GSE159090_GSM4819167_HFD_Male_Flux,HFD,GSE159090
HFD_GSE159090_GSM4819177_HFD_Male_Flux,HFD,GSE159090
HFD_GSE159090_GSM4819184_HFD_Male_Flux,HFD,GSE159090
HFD_GSE159090_GSM4819189_HFD_Male_Flux,HFD,GSE159090
HFD_GSE159090_GSM4819197_HFD_Male_Flux,HFD,GSE159090
HFD_GSE159090_GSM4819202_HFD_Male_Flux,HFD,GSE159090
HFD_GSE160646_GSM4876384_HFD_1w_Flux,HFD,GSE160646
HFD_GSE160646_GSM4876386_HFD_1w_Flux,HFD,GSE160646
HFD_GSE160646_GSM4876389_HFD_1w_Flux,HFD,GSE160646
HFD_GSE160646_GSM4876393_HFD_1w_Flux,HFD,GSE160646
HFD_GSE160646_GSM4876396_HFD_1w_Flux,HFD,GSE160646
HFD_GSE160646_GSM4876400_HFD_1w_Flux,HFD,GSE160646
HFD_GSE160646_GSM4876406_HFD_1w_Flux,HFD,GSE160646
HFD_GSE160646_GSM4876412_HFD_1w_Flux,HFD,GSE160646
HFD_GSE188344_HFD_1_Flux,HFD,GSE188344
HFD_GSE188344_HFD_2_Flux,HFD,GSE188344
HFD_GSE188344_HFD_3_Flux,HFD,GSE188344
HFD_GSE188344_HFD_4_Flux,HFD,GSE188344
HFD_GSE246221_Batch9_HFD_only32w_1_Flux,HFD,GSE246221
HFD_GSE246221_Batch9_HFD_only32w_2_Flux,HFD,GSE246221
HFD_GSE246221_Batch9_HFD_only32w_3_Flux,HFD,GSE246221
HFD_GSE248297_HFD_1_Flux,HFD,GSE248297
HFD_GSE248297_HFD_2_Flux,HFD,GSE248297
HFD_GSE248297_HFD_3_Flux,HFD,GSE248297
HFD_GSE248297_HFD_4_Flux,HFD,GSE248297
HFD_GSE248297_HFD_5_Flux,HFD,GSE248297
KD_GSE101657_KD_0_Flux,KD,GSE101657
KD_GSE101657_KD_1_Flux,KD,GSE101657
KD_GSE101657_KD_2_Flux,KD,GSE101657
KD_GSE101657_KD_3_Flux,KD,GSE101657
KD_GSE101657_KD_4_Flux,KD,GSE101657
KD_GSE101657_KD_5_Flux,KD,GSE101657
KD_GSE101657_KD_6_Flux,KD,GSE101657
KD_GSE248297_KD_1_Flux,KD,GSE248297
KD_GSE248297_KD_2_Flux,KD,GSE248297
KD_GSE248297_KD_3_Flux,KD,GSE248297
KD_GSE248297_KD_4_Flux,KD,GSE248297
KD_GSE248297_KD_5_Flux,KD,GSE248297
WD_GSE159090_GSM4819145_WD_Male_Flux,WD,GSE159090
WD_GSE159090_GSM4819155_WD_Male_Flux,WD,GSE159090
WD_GSE159090_GSM4819156_WD_Male_Flux,WD,GSE159090
WD_GSE159090_GSM4819158_WD_Male_Flux,WD,GSE159090
WD_GSE159090_GSM4819164_WD_Male_Flux,WD,GSE159090
WD_GSE159090_GSM4819173_WD_Male_Flux,WD,GSE159090
WD_GSE159090_GSM4819174_WD_Male_Flux,WD,GSE159090
WD_GSE159090_GSM4819181_WD_Male_Flux,WD,GSE159090
WD_GSE159090_GSM4819183_WD_Male_Flux,WD,GSE159090
WD_GSE159090_GSM4819192_WD_Male_Flux,WD,GSE159090
WD_GSE159090_GSM4819196_WD_Male_Flux,WD,GSE159090
WD_GSE159090_GSM4819201_WD_Male_Flux,WD,GSE159090
